Actual order quantity,Mean rating,Pre-orders,Page visits,Total visits,Time spent on page,Total time spent,Weather,Current sale status,Competition evolution,Number of tools used by client,RDB,RDA,IPC,PAEC,Inflation,Political/Social tendancy
8794,0.549576698,7931,3966,4023,793.1,1152.8,2,0,0.922997427,0.363358127,0.468810857,0.328550897,0.658806386,0.474415311,0.74591323,0.930009751
174,4.586918889,156,80,84,15.6,19.1,0,1,0.96306594,0.220469244,0.378921042,0.088515866,0.053425225,0.850305937,1.117843655,0.846123107
14974,4.498343308,7111,3558,4068,711.1,797.8,2,0,0.581635133,0.708639142,0.051498542,0.044981617,0.254124862,0.872157296,0.960653466,0.57970114
14545,4.932836015,6439,3222,3945,643.9,949.2,2,0,0.536072612,0.415870767,0.441649926,0.809123278,0.214062251,0.901373087,1.055629365,0.554377262
9258,4.858206675,6899,3452,4134,689.9,794.2,1,1,0.734150719,0.617361923,0.708295206,0.071038078,0.052653411,0.706734064,1.115491459,0.036710703
3417,4.734461438,1190,597,1270,119.0,174.8,3,0,0.790147474,0.089457352,0.341980861,0.145284063,0.796826344,0.165857121,0.852583173,0.465602576
8066,2.232520587,5565,2784,3625,556.5,767.4,2,0,0.398983588,0.914839858,0.798966109,0.163859674,0.290395609,0.883277205,0.884126273,0.92036267
9873,3.454915512,6308,3156,3661,630.8,984.4,2,0,0.992853645,0.830775675,0.89297425,0.003505027,0.849418374,0.044061369,0.8546451,0.185354531
12256,1.317920141,8830,4416,5376,883.0,1337.9,3,0,0.474541999,0.057085622,0.412494758,0.085216162,0.795415358,0.230311406,1.158475403,0.509758297
1610,0.267455893,1604,802,1623,160.4,209.3,0,0,0.206919135,0.380691905,0.041102597,0.276050253,0.429819405,0.892308482,1.189173922,0.184705845
11298,2.169140278,9109,4556,5445,910.9,1426.8,1,0,0.197247541,0.70255929,0.118710167,0.284458117,0.542388981,0.274320372,1.012179301,0.628542537
2771,0.359993241,2600,1300,1823,260.0,338.0,2,0,0.759415412,0.676682203,0.804187975,0.122418431,0.708981707,0.191009203,0.805459866,0.615468793
1766,0.739458764,1482,741,1713,148.2,251.2,2,0,0.109676539,0.316925279,0.610993891,0.981314043,0.503683,0.546679338,1.237471218,0.975885894
12278,4.299604364,6477,3241,3715,647.7,1014.4,2,0,0.935665972,0.1290057,0.693303968,0.122777098,0.363435374,0.239094575,1.197475853,0.949753467
9608,3.589878921,8294,4149,4582,829.4,1042.2,0,0,0.340950209,0.01613024,0.96823238,0.969491175,0.816657271,0.560475124,1.217218622,0.335162246
8913,0.294814275,8391,4196,4720,839.1,960.4,2,0,0.015140093,0.190928792,0.718717745,0.659479743,0.59702285,0.766723772,1.170452987,0.992307131
1001,1.556545903,423,212,1176,42.3,86.3,3,0,0.677884191,0.782386185,0.976786804,0.311480457,0.205106658,0.668699326,0.89491563,0.887008914
9388,2.648597682,8272,4137,4554,827.2,861.9,0,0,0.399784217,0.901843677,0.331233664,0.507029384,0.550091313,0.218597146,1.215045223,0.485770011
4654,1.124860831,3786,1894,1974,378.6,493.6,2,0,0.931332128,0.529157645,0.541923747,0.235300569,0.545681315,0.301941091,1.183927887,0.224671934
3426,0.264304572,3354,1677,1801,335.4,428.0,1,0,0.897698533,0.224369767,0.985529179,0.092843599,0.411646551,0.500750842,1.126567255,0.221255059
7051,2.033080428,5325,2663,2707,532.5,756.3,2,0,0.322247112,0.924355802,0.572584337,0.140404541,0.159288325,0.366854627,1.241721477,0.803744893
13778,2.907646207,6968,3485,4365,696.8,744.0,3,0,0.428104948,0.830475246,0.451739262,0.193594804,0.414762921,0.093404667,0.71164527,0.371618837
8664,4.416105818,7913,3959,4712,791.3,1169.7,0,0,0.159102383,0.487351539,0.297973059,0.5080028,0.440403936,0.305291596,0.875997062,0.015611637
12517,1.365351472,9663,4832,5155,966.3,1136.6,2,0,0.396778956,0.68148456,0.570911968,0.296842333,0.517852677,0.921030664,0.901719023,0.10156968
2872,2.424211373,2724,1363,1888,272.4,376.0,0,0,0.929465701,0.968602292,0.87215105,0.208657715,0.631438211,0.995395069,0.946394717,0.320018664
3240,4.584340638,2447,1226,2057,244.7,393.3,1,1,0.758386894,0.916130435,0.327425674,0.615076855,0.756099922,0.064810153,0.960437391,0.778968003
6763,3.07139846,4723,2363,2484,472.3,680.7,1,0,0.565350082,0.367919981,0.269471722,0.951578688,0.847188955,0.800928598,0.705118045,0.571946916
13759,3.061687797,9813,4908,5003,981.3,1205.4,1,0,0.82233746,0.815957411,0.928851516,0.815345898,0.797675862,0.016855941,1.055644573,0.679131443
151,1.738392245,111,56,84,11.1,14.6,2,0,0.045804634,0.073039269,0.201016173,0.261453867,0.932433481,0.632785534,1.261666965,0.70831439
5061,2.993975897,3170,1587,2101,317.0,427.3,2,0,0.557394054,0.104954918,0.483621735,0.827298435,0.65928757,0.266924922,1.002796675,0.592178218
3745,2.463891187,3283,1643,2600,328.3,357.7,0,0,0.881746754,0.299739763,0.993901723,0.920085739,0.734417063,0.196787872,0.703232895,0.11864375
433,0.679025212,413,207,316,41.3,59.7,1,0,0.255360642,0.647758716,0.984562417,0.361991799,0.358519184,0.261331719,1.174257523,0.698924038
4913,2.882074833,4556,2279,2322,455.6,539.4,0,1,0.939132027,0.608357771,0.107348696,0.065413874,0.698556798,0.911819312,1.201353816,0.799823012
5387,3.367444911,3226,1615,2515,322.6,370.9,2,0,0.208512486,0.423361585,0.064585245,0.208419732,0.383946652,0.453977344,1.199579752,0.139928586
4415,3.007661287,3529,1766,1893,352.9,442.6,1,0,0.850636705,0.404344944,0.090689647,0.282370588,0.838003892,0.815520988,1.076991072,0.161178996
12159,2.571207754,8361,4182,4410,836.1,1059.9,2,0,0.829620304,0.213119832,0.983644801,0.253594197,0.038800996,0.800948589,1.109673525,0.916382344
212,2.195805784,108,55,103,10.8,20.4,3,0,0.814643782,0.687672273,0.712725497,0.043810256,0.690667084,0.103563211,1.16332984,0.792838876
393,0.90213269,353,177,317,35.3,39.0,1,0,0.856205539,0.263459806,0.369021699,0.53728988,0.02998074,0.721860329,1.057801239,0.68219009
3084,3.972968039,1608,806,1611,160.8,281.4,2,0,0.972594471,0.155045475,0.613748879,0.147195586,0.904984359,0.759260327,1.267168172,0.856062062
5030,3.569245006,2995,1500,2056,299.5,344.2,2,1,0.586601612,0.861891838,0.420995378,0.376662656,0.116108946,0.117533853,0.931952238,0.632401868
1930,0.448852213,1741,871,1625,174.1,258.3,2,0,0.842166554,0.416904591,0.042522292,0.564407884,0.759388354,0.457754313,1.049137502,0.82775173
1370,3.956506431,1036,520,671,103.6,170.4,1,0,0.780043925,0.279018855,0.144913062,0.761425723,0.595741907,0.686440731,0.921756636,0.405250169
4545,1.988520398,3768,1885,2507,376.8,476.7,1,0,0.094147656,0.420083114,0.855062503,0.721356521,0.875655241,0.353303317,0.900879605,0.217173307
7282,0.884634182,6447,3224,3404,644.7,777.6,1,0,0.233450878,0.590752532,0.803224083,0.41787104,0.80096785,0.586832473,0.830047065,0.629871005
4704,4.075221392,2494,1249,1543,249.4,338.4,2,0,0.951643904,0.566217298,0.509239304,0.712839586,0.788531945,0.283154564,0.861814469,0.882325084
16494,3.947262769,9649,4827,5442,964.9,1236.0,2,0,0.816441055,0.172727713,0.049256853,0.097310776,0.53654591,0.963916143,0.921166216,0.585043423
1657,4.296402629,450,227,847,45.0,51.5,3,1,0.339722111,0.685096524,0.147459497,0.15836539,0.66362906,0.61181793,0.792818825,0.694719247
6554,1.108168816,5619,2810,3223,561.9,742.0,1,0,0.835122571,0.014665707,0.153272055,0.177995832,0.56657056,0.415696057,1.13090107,0.917285204
5781,4.150991953,2870,1437,1788,287.0,379.7,2,0,0.78910519,0.372394595,0.823530258,0.221379572,0.86326174,0.786857206,0.814465738,0.119883865
2913,0.91167528,2222,1112,1855,222.2,365.1,3,0,0.634246457,0.297042344,0.918613556,0.052382324,0.094202819,0.683424241,0.913922366,0.855516464
996,1.259703529,498,250,1173,49.8,58.9,3,0,0.146807804,0.635904827,0.335656416,0.263117234,0.496440863,0.241204558,0.995768577,0.170661793
4003,0.100750372,3973,1987,2618,397.3,398.4,1,0,0.193063397,0.224955457,0.568939947,0.296746381,0.82312926,0.112220004,0.785915442,0.626164402
9242,3.100695475,6451,3227,3424,645.1,908.3,1,0,0.181010476,0.385803659,0.037835874,0.215784677,0.582784479,0.059351093,0.711354233,0.388020074
8111,0.391283449,7932,3966,4934,793.2,896.9,1,0,0.141174132,0.208323715,0.005414453,0.161634219,0.381756016,0.294452301,0.969477475,0.737168609
11765,3.903941739,9985,4994,5806,998.5,1153.8,0,0,0.856345254,0.673498133,0.664261237,0.120570756,0.02505146,0.62133762,0.979602296,0.015694604
9840,4.812066311,6140,3072,3896,614.0,943.5,1,1,0.326158179,0.480488733,0.498002862,0.658840163,0.429496826,0.539673103,0.9453321,0.398453937
12500,4.211032426,8028,4016,4772,802.8,1022.7,1,0,0.058744907,0.764615877,0.312650604,0.971661245,0.755408755,0.140684863,1.188403159,0.062542729
4129,0.214857452,3882,1941,2096,388.2,508.0,3,0,0.916095852,0.661055052,0.54682238,0.404561222,0.171367164,0.525118677,1.100272865,0.879692217
1759,0.781361701,1424,713,1018,142.4,227.5,2,0,0.493986167,0.574686349,0.697116619,0.202511589,0.910774498,0.266369346,1.297017925,0.937998029
11997,4.542242054,8828,4416,4787,882.8,1185.2,1,0,0.857240801,0.739035005,0.466541822,0.163443185,0.364188799,0.283339172,1.204382084,0.703641332
9418,0.048856986,9368,4684,5587,936.8,1247.3,1,0,0.707961143,0.384477691,0.940383578,0.464269643,0.303884906,0.776862247,1.097535601,0.437013049
4015,1.986907759,2717,1359,1491,271.7,314.2,2,0,0.141773177,0.601948783,0.721640149,0.592390762,0.313692373,0.872448415,1.251674118,0.958885745
3060,2.817627953,1536,769,1636,153.6,225.3,2,0,0.223369991,0.171395501,0.167110441,0.692877039,0.831575917,0.033225985,1.189897794,0.002161716
5010,4.451763673,3660,1832,2608,366.0,616.9,1,0,0.021034503,0.794842434,0.329372311,0.260105413,0.069852487,0.277178799,1.006166201,0.894229027
2418,4.217256797,1079,541,1449,107.9,152.6,2,1,0.597857896,0.038046576,0.653150194,0.039548935,0.572525594,0.93984684,0.869249247,0.751463579
8578,3.734919889,4461,2232,2448,446.1,478.8,2,0,0.49490886,0.921775393,0.967756079,0.848380994,0.208163014,0.527888556,1.255502567,0.467256168
14104,3.420804967,8978,4491,4551,897.8,1183.4,2,0,0.683456314,0.08562471,0.572306364,0.632447386,0.784764551,0.456909373,0.949491658,0.657570676
1698,1.622695364,1644,823,1191,164.4,282.3,0,0,0.882383408,0.948285347,0.593445277,0.525209946,0.509203624,0.996597464,1.156972154,0.551267011
405,1.847197965,85,44,1022,8.5,24.2,2,0,0.14027731,0.324066807,0.202378977,0.3678691,0.575622069,0.99445519,0.782648909,0.626934092
10412,4.616839602,7260,3632,3923,726.0,1000.4,1,1,0.378908965,0.935093418,0.757997723,0.405811474,0.840683175,0.653285922,0.907006597,0.128135394
9226,0.311167646,8533,4267,4709,853.3,1131.8,2,0,0.77434304,0.996117643,0.827561116,0.687795645,0.921084079,0.669152048,0.854873872,0.454504523
6155,0.318171781,6143,3071,3458,614.3,957.0,0,0,0.59400896,0.357557397,0.795300584,0.492468577,0.882640468,0.065862198,1.035899128,0.805702365
2285,0.2712679,2200,1100,1673,220.0,253.0,1,0,0.694282996,0.166679198,0.626428183,0.01889212,0.744939317,0.473662856,0.702322431,0.915327607
8366,1.093825426,6996,3499,4283,699.6,740.6,2,0,0.354647342,0.679175256,0.096777371,0.855899152,0.068205765,0.711490912,0.932774331,0.86170143
7786,4.883554557,3915,1960,2783,391.5,456.6,2,1,0.489137031,0.520123056,0.15880386,0.596348065,0.525097814,0.5960649,0.988278072,0.300818142
1650,4.288485514,1096,550,1321,109.6,232.0,1,0,0.049183773,0.339962419,0.331602613,0.594048212,0.60033415,0.853373927,1.035444157,0.514465026
8901,2.86848531,5525,2764,3149,552.5,810.6,2,0,0.227800727,0.994870089,0.553842538,0.604840709,0.592624129,0.055123783,1.047676441,0.338186247
1948,2.687190342,1606,805,1655,160.6,199.0,1,0,0.746916221,0.802762046,0.727004483,0.967460732,0.068807102,0.725101847,1.134406935,0.724082043
7085,1.707886414,5391,2696,2749,539.1,542.4,2,0,0.527381525,0.638876392,0.23703442,0.10596415,0.003309536,0.995200487,0.712533754,0.916638088
1172,2.572729412,1020,511,650,102.0,125.8,1,0,0.166713313,0.421397366,0.473654975,0.163584517,0.238789312,0.018159134,0.721633814,0.329755373
10013,2.971456002,6821,3412,3543,682.1,714.9,2,0,0.396352531,0.959837961,0.790086302,0.762764629,0.954941101,0.640976071,0.829125929,0.04734871
2587,1.416481062,2489,1245,1866,248.9,413.5,0,0,0.379714058,0.173402345,0.707504436,0.85672595,0.358386719,0.129937172,1.299674671,0.930818221
9089,4.334680529,7364,3684,4651,736.4,1169.4,0,1,0.383721465,0.54118307,0.733185119,0.769873293,0.969380257,0.266376746,0.798695834,0.355455104
999,1.009908564,637,319,1057,63.7,117.3,3,0,0.728966159,0.189074248,0.859716105,0.399739455,0.501756033,0.479555391,0.99639968,0.223726333
3760,0.435277012,3569,1785,2200,356.9,467.3,1,0,0.833064518,0.224867691,0.808783826,0.902038813,0.28036258,0.717530983,0.871102947,0.777926227
10158,1.597638128,9379,4691,4951,937.9,1229.8,1,0,0.641755657,0.353642124,0.446185647,0.905156857,0.146752805,0.329164132,0.969208065,0.969053905
2598,2.75990066,1286,644,1243,128.6,165.0,3,0,0.427715846,0.683148724,0.262541074,0.211270245,0.902906668,0.222124416,1.16678406,0.558203653
1982,0.957782127,1847,924,1735,184.7,326.1,1,0,0.614042374,0.606655667,0.857163656,0.06719188,0.831201423,0.659558887,0.701399085,0.740226219
10875,1.439527506,8232,4117,4769,823.2,1076.5,2,0,0.222575526,0.595505187,0.671283753,0.288285144,0.743283431,0.568946632,0.867590621,0.363313728
10716,4.7356629,4136,2071,2660,413.6,671.0,3,0,0.180206624,0.945327959,0.116444584,0.841140725,0.183301886,0.874263308,1.127655306,0.326326968
7009,4.115599762,4525,2265,2355,452.5,655.9,1,1,0.452493012,0.463268659,0.476021854,0.374201611,0.062054185,0.121806318,1.187670695,0.066903149
4807,0.054659525,4780,2390,2911,478.0,767.4,1,0,0.218725534,0.530043858,0.140911838,0.669798267,0.201486811,0.746412974,1.014624271,0.631589717
4272,3.441891064,3596,1800,2392,359.6,415.8,0,0,0.286435035,0.819699512,0.495636588,0.154824125,0.543214534,0.230194072,0.720499062,0.074893919
6502,2.763138,3376,1689,2203,337.6,389.9,3,0,0.617283857,0.867043599,0.188496049,0.717524691,0.704405122,0.649589005,1.013535851,0.800867949
9420,1.898243768,7697,3849,4734,769.7,1111.9,1,0,0.494944634,0.264066161,0.831627497,0.382936612,0.783329883,0.228430528,1.199811645,0.474023882
17352,4.413585762,9727,4866,4922,972.7,1242.2,2,0,0.811539552,0.176086905,0.806691038,0.265691114,0.829976697,0.301497851,1.154417797,0.132704165
3097,4.545632185,897,451,1385,89.7,228.1,3,0,0.867099997,0.345501712,0.511234469,0.859906988,0.790949473,0.625686064,0.926991582,0.971854511
4109,1.355491287,3397,1699,2558,339.7,352.3,1,0,0.254179614,0.09751994,0.010616068,0.255403459,0.292035356,0.906350773,0.727920005,0.937754391
1653,0.354743444,1507,754,1247,150.7,219.9,2,0,0.301587813,0.673206298,0.806675244,0.592382292,0.205285795,0.354120798,0.95450124,0.719933759
2296,2.019962452,1335,668,1191,133.5,210.4,3,0,0.466949613,0.427421106,0.092684503,0.605683653,0.16421377,0.376334442,0.944763952,0.77691695
13616,1.846802715,9462,4732,5399,946.2,1136.8,2,0,0.221545786,0.747853859,0.800205734,0.689700892,0.025791166,0.748995676,1.293532616,0.708507943
729,0.375814252,642,321,921,64.2,84.8,2,0,0.281663765,0.335561783,0.604894082,0.133483128,0.811353797,0.773631653,1.073296479,0.021108102
20890,4.643553243,9441,4723,5687,944.1,1394.3,2,0,0.1078626,0.935048,0.642722106,0.301838602,0.334429466,0.642954873,1.078814647,0.412028697
8357,3.126779091,6463,3233,3887,646.3,725.0,1,0,0.700610981,0.797737396,0.620511176,0.075709687,0.513412696,0.209379911,0.732969281,0.749852022
11744,4.895306398,7604,3804,3900,760.4,836.7,1,1,0.555221638,0.735792052,0.25671522,0.194818342,0.034606231,0.338644252,1.141068389,0.069914705
11466,1.759706322,8783,4392,5291,878.3,991.5,2,0,0.20436744,0.231637719,0.771650336,0.859464734,0.878194097,0.115099302,0.825195159,0.278892704
8029,3.49385181,6302,3153,4016,630.2,880.9,1,0,0.350721517,0.030779104,0.444491574,0.790526568,0.075568061,0.677244736,1.095996101,0.135738458
11140,0.809777672,9434,4717,5682,943.4,1160.3,2,0,0.019350804,0.074806075,0.166372029,0.819842086,0.590374863,0.578968189,0.826718047,0.025776264
13171,3.61838928,7328,3666,3998,732.8,902.1,2,0,0.18479407,0.644363231,0.485162416,0.621851565,0.243447389,0.025961854,1.023353683,0.204410016
1842,4.960523464,955,480,786,95.5,110.2,1,1,0.520797632,0.838518261,0.196406566,0.631992396,0.748444181,0.178211897,0.927212364,0.996474822
6780,2.23341115,5221,2612,3336,522.1,568.5,1,0,0.781017839,0.953089254,0.41993697,0.831120596,0.83047136,0.826890912,1.185510453,0.39651433
13225,2.946609975,8446,4225,4657,844.6,1139.3,2,1,0.00814565,0.855494698,0.240650968,0.064521676,0.234925611,0.713461796,0.951575526,0.785306953
2814,1.435321253,1970,986,1378,197.0,231.4,2,0,0.310380245,0.991507895,0.235812922,0.146662999,0.532546307,0.298776305,0.960493726,0.328812699
9940,1.859024801,7383,3693,3880,738.3,1012.7,2,0,0.110428252,0.007908455,0.692863323,0.614923855,0.390556365,0.613726888,0.862862384,0.468291628
2118,1.677784014,1585,794,1015,158.5,234.5,2,0,0.253729885,0.001118342,0.966325909,0.902064514,0.86488158,0.880299505,0.971659423,0.41493671
12384,1.758710259,9949,4976,5192,994.9,1074.9,1,0,0.366512711,0.609588457,0.144085305,0.683307467,0.523144915,0.518778751,0.896237268,0.161897646
663,1.340168652,519,260,641,51.9,60.7,1,0,0.26484554,0.10807766,0.181587636,0.762362601,0.655552833,0.353575698,1.041753995,0.471747891
10594,1.247640771,8761,4381,5047,876.1,1126.0,2,0,0.480947765,0.834015798,0.544179598,0.448928834,0.078477784,0.741847822,0.753883288,0.611726553
4661,2.219139882,2988,1495,2454,298.8,363.3,2,0,0.124585166,0.066695111,0.685469381,0.084094308,0.18978403,0.207409548,1.078967052,0.60064174
5552,4.331247706,2787,1396,1445,278.7,290.3,2,1,0.275223816,0.160585167,0.559537289,0.827452996,0.717837255,0.772185335,1.156049913,0.064238507
98,0.407939378,74,37,468,7.4,40.3,1,0,0.129961636,0.230763323,0.926822308,0.857743323,0.166131975,0.614810434,0.881234165,0.234201159
429,1.154141494,160,80,761,16.0,35.3,3,0,0.748152355,0.03235018,0.406637846,0.097812835,0.672524658,0.366786444,1.12517573,0.741330756
14431,3.241627846,8887,4445,4469,888.7,1110.3,2,1,0.032501225,0.363641171,0.186097047,0.885528834,0.482648403,0.046097703,1.135270372,0.961837026
2505,2.487180853,2255,1129,1137,225.5,272.2,0,0,0.431917341,0.903017728,0.773400095,0.473871207,0.028632432,0.871060571,0.891486453,0.725046381
12264,1.971820821,8998,4500,5291,899.8,1148.9,2,0,0.583489518,0.324889592,0.2374384,0.325628876,0.840652014,0.820980838,0.790772342,0.868821655
7229,1.911622432,5408,2705,3641,540.8,766.1,2,0,0.141970166,0.496336283,0.286580283,0.321601079,0.817720571,0.571510836,0.710700767,0.370591548
3263,3.141806537,2014,1009,1113,201.4,308.3,2,0,0.578655726,0.429256769,0.111015435,0.063721033,0.103757008,0.372917186,0.786695801,0.109251987
12639,4.355923398,5610,2807,2891,561.0,641.1,3,0,0.763280071,0.192742674,0.706286889,0.748440302,0.793785778,0.694808618,0.724613748,0.259874117
13080,4.676888463,8286,4146,4691,828.6,1254.1,1,0,0.081348293,0.145140385,0.8886898,0.440988435,0.599492527,0.460594293,1.017632641,0.955776195
5280,2.506149504,3509,1756,2583,350.9,368.0,2,0,0.96905857,0.424134694,0.477410607,0.031713632,0.201273536,0.890660525,0.77899424,0.338479425
7860,2.06538627,6432,3217,3779,643.2,753.5,1,0,0.027973867,0.87678758,0.310765272,0.412207405,0.278282039,0.532246948,0.816794342,0.445091926
1993,1.157101247,1990,995,997,199.0,234.0,0,0,0.852671854,0.807472592,0.334495672,0.189060937,0.79840079,0.968480714,0.920083303,0.904609757
993,1.922315782,655,329,897,65.5,154.8,1,0,0.750589937,0.045493937,0.349702577,0.594064519,0.363502947,0.769435864,1.131940109,0.38301911
2019,1.009252566,1610,806,1754,161.0,175.4,2,0,0.606642899,0.183042486,0.741418416,0.646328177,0.81785351,0.770576799,0.785644522,0.8757096
13374,2.632483823,8599,4301,4683,859.9,908.0,2,0,0.523662055,0.621398639,0.946710223,0.41221727,0.815532941,0.861294904,1.002524468,0.855851196
5259,2.272539367,3646,1824,2529,364.6,604.2,2,0,0.310126741,0.436644575,0.450810024,0.582442402,0.201425143,0.489674623,1.104743338,0.303078846
14991,3.529364003,8139,4071,4436,813.9,867.9,2,0,0.16735985,0.099731651,0.024624961,0.385206399,0.945413561,0.663248917,1.232593273,0.027354999
14458,3.041338735,8166,4085,4739,816.6,931.6,2,0,0.946632119,0.787411665,0.491381987,0.84429087,0.422217003,0.946006588,1.202947583,0.804556455
9525,0.175831959,9346,4673,4846,934.6,1399.6,1,0,0.164450733,0.6562611,0.176230568,0.195490237,0.430812061,0.730706291,1.012566155,0.767845344
3812,0.9222204,3486,1743,2351,348.6,469.5,1,0,0.545286188,0.216255429,0.984289469,0.371710647,0.487566877,0.65954332,0.934761638,0.351589602
8685,1.071794472,6922,3462,4025,692.2,969.9,2,0,0.45198408,0.920821821,0.234977743,0.006008169,0.721478065,0.513765066,1.097988322,0.525007995
297,2.227130675,50,26,849,5.0,56.9,1,0,0.59043797,0.205970841,0.543023085,0.812444701,0.298991613,0.299079626,1.293787371,0.768020392
764,1.065565592,666,334,349,66.6,82.4,1,0,0.279769386,0.292864227,0.834139124,0.580660909,0.420102545,0.162967166,0.703973288,0.902741841
5933,4.903567665,5101,2553,3099,510.1,617.1,0,0,0.398092729,0.911289677,0.015631538,0.156367513,0.802788001,0.160389479,0.724233518,0.809189649
7231,3.235676492,6813,3408,3997,681.3,859.2,0,0,0.774682608,0.892932863,0.17864002,0.369138171,0.689581187,0.813680417,1.077647196,0.026291709
12673,3.012726127,8934,4469,5085,893.4,986.8,1,0,0.675730918,0.391748392,0.812805449,0.358588914,0.010358858,0.38228248,1.154227694,0.704683941
16416,4.811572135,8423,4214,4520,842.3,917.0,2,1,0.755597031,0.559575129,0.490522499,0.417994647,0.555177884,0.721548707,1.116753165,0.418154682
11225,3.705928264,7483,3743,4343,748.3,773.9,1,1,0.756293363,0.82954531,0.621604644,0.991943023,0.256430329,0.404397141,1.127871238,0.289147284
4551,2.814338128,2838,1420,2165,283.8,360.0,2,0,0.606740472,0.919447235,0.341459923,0.050130195,0.808366111,0.388000429,1.283203991,0.973245028
11629,2.856102664,8725,4364,5249,872.5,998.3,1,0,0.730452971,0.989018888,0.351622941,0.4369557,0.134571288,0.302448523,1.15488363,0.790587825
11445,2.730161467,8292,4147,4556,829.2,928.7,1,1,0.142889208,0.744128402,0.258941606,0.031687308,0.884704242,0.522635581,0.826713843,0.316775298
9816,2.741877413,7133,3568,4272,713.3,893.1,1,0,0.75780243,0.317959277,0.130187432,0.999309178,0.172003975,0.919964764,1.1070005,0.74436299
8581,3.757285669,5234,2619,3013,523.4,616.2,2,0,0.608828471,0.326137399,0.012396765,0.905278048,0.160657407,0.118328558,1.13987213,0.95401959
5626,3.514880933,2724,1364,1763,272.4,360.5,3,1,0.215002273,0.682549619,0.579374904,0.043746837,0.171882249,0.394956011,1.005539768,0.613619948
980,4.667635877,292,148,739,29.2,77.4,2,1,0.344409823,0.775480996,0.207297154,0.552656668,0.673375677,0.173019338,1.156108225,0.746150645
10140,0.921531798,8489,4245,4352,848.9,1155.9,2,0,0.783258447,0.596819469,0.18145418,0.013370912,0.813065778,0.232024728,0.806448487,0.809093031
2723,1.916663862,2559,1280,2247,255.9,451.3,0,0,0.407219977,0.540584378,0.606206116,0.830407885,0.836847211,0.117159815,0.936620382,0.017011662
14356,4.947604737,5915,2960,3063,591.5,896.0,3,0,0.557301365,0.772256721,0.581168535,0.383881132,0.491066576,0.150890975,0.796119886,0.673729449
15334,3.006593432,9653,4828,4922,965.3,1061.0,2,0,0.620748881,0.840519044,0.991949999,0.267352717,0.711922666,0.863190455,1.001812443,0.398260385
7594,1.513622184,6636,3319,3867,663.6,960.1,1,0,0.632386231,0.662885525,0.904966122,0.888651597,0.023128533,0.336862775,1.070667648,0.391507433
12560,4.249469267,8832,4418,4446,883.2,1150.6,1,0,0.397421648,0.032207471,0.056920011,0.623765252,0.611646767,0.49820629,1.147193716,0.616754557
4856,2.50675066,4721,2362,2418,472.1,489.9,0,0,0.167875014,0.821621003,0.974038046,0.932337894,0.496762403,0.705810235,1.111926546,0.4248525
12604,3.140637668,6803,3403,4327,680.3,1068.9,2,1,0.782072351,0.723309852,0.117611259,0.076707454,0.292607312,0.835851308,0.713171858,0.573273195
8656,3.064691815,7296,3649,3964,729.6,1035.0,1,0,0.433820328,0.130580072,0.219895149,0.18932894,0.348124941,0.205243956,0.702304387,0.757510426
6477,2.169256867,5810,2906,3524,581.0,669.7,0,0,0.29466362,0.963322843,0.725183711,0.342614304,0.962935197,0.491727994,1.111367046,0.895183067
746,1.650102411,567,284,411,56.7,94.1,2,0,0.945262229,0.663955902,0.435747624,0.569054634,0.532377447,0.510301777,1.192830368,0.676952776
8477,1.704831084,5750,2876,3597,575.0,629.3,2,0,0.775059095,0.838050205,0.888749406,0.199029571,0.316354234,0.560504443,0.927940978,0.975898188
10358,1.083414819,7931,3966,4745,793.1,803.5,3,0,0.153490969,0.887075598,0.018917815,0.473533043,0.671856401,0.382140653,0.879640266,0.754353971
17539,4.76620848,7661,3833,4181,766.1,1093.3,3,0,0.492020427,0.026123438,0.592037585,0.685857799,0.633183212,0.831543095,0.874151595,0.429889827
3603,4.380743232,1365,685,1394,136.5,223.9,2,1,0.859686948,0.368304372,0.333306497,0.617802445,0.458963643,0.649779455,0.927372011,0.011395145
11217,0.860119464,8984,4492,4922,898.4,1118.0,3,0,0.146407996,0.399587726,0.028026392,0.299354062,0.583803163,0.019909498,1.007904227,0.51542298
11714,2.895257179,8462,4233,4512,846.2,1164.8,1,0,0.705701299,0.33827431,0.689414203,0.759763438,0.215831413,0.908694699,0.973729091,0.118871907
7571,2.692833823,7379,3691,4237,737.9,1033.4,0,0,0.298815639,0.193853099,0.072664677,0.861280971,0.488766873,0.854181838,1.289052142,0.161094067
6949,4.257431189,3493,1749,2531,349.3,504.4,2,1,0.211542782,0.582052952,0.629818457,0.065158939,0.842523355,0.645935112,0.911599616,0.010521742
1732,1.649719437,1254,628,1009,125.4,130.9,2,0,0.840939992,0.995378195,0.703613336,0.687643872,0.980724313,0.043018913,1.111460648,0.563813124
4360,0.285031709,4025,2013,2467,402.5,465.5,3,0,0.715590913,0.133300521,0.220773203,0.668469874,0.542198858,0.535195199,0.759910698,0.38425025
1047,2.686717086,1000,501,530,100.0,103.1,0,0,0.622450397,0.592660055,0.594471034,0.833099567,0.411565298,0.492533639,1.062975756,0.883474183
4712,1.306572038,4226,2113,2924,422.6,501.6,1,0,0.954103709,0.279508406,0.558340551,0.838200253,0.196097945,0.867752357,1.049035456,0.746188272
8715,3.022384738,8135,4069,4492,813.5,1007.0,0,0,0.715505701,0.559559706,0.873275605,0.818217228,0.098344028,0.039514412,1.185894458,0.314061693
5664,1.732978718,5186,2594,3118,518.6,557.4,0,0,0.927394559,0.3515542,0.151646035,0.882802363,0.787430524,0.907231207,1.193924984,0.480926241
19430,4.03831576,9046,4525,4809,904.6,916.6,3,0,0.400100839,0.695849667,0.076785527,0.500535868,0.272846171,0.459672613,1.083357998,0.655666403
8336,4.464034042,4846,2425,3013,484.6,650.8,1,0,0.836150406,0.3049941,0.108979184,0.926264446,0.226502384,0.92416367,0.990484918,0.663256356
4277,2.900679232,2612,1308,2128,261.2,264.3,2,1,0.959263564,0.81247322,0.111283953,0.755109504,0.129540887,0.952572726,1.012301281,0.062852788
10130,3.497439052,5452,2728,3004,545.2,692.7,2,1,0.61125494,0.260515777,0.89255874,0.772991536,0.415201839,0.312716808,0.739685796,0.341155024
7922,4.620438044,7798,3901,4872,779.8,875.3,0,1,0.432466524,0.310617532,0.05029588,0.289972382,0.293419983,0.793214543,0.700384603,0.227981926
8417,3.327056265,4838,2421,3028,483.8,770.0,2,0,0.669172614,0.386596939,0.185503816,0.727789207,0.668572994,0.791640365,0.88900792,0.415465759
6256,1.725757933,4575,2288,2292,457.5,494.1,2,0,0.544958017,0.856891896,0.996982206,0.077354766,0.545046793,0.697655693,0.957260052,0.059443954
14254,2.687188827,8861,4432,4453,886.1,1227.1,2,0,0.509652194,0.231527925,0.51978434,0.48183549,0.18175179,0.857769154,0.748527146,0.91888752
10363,3.314280932,5005,2504,3315,500.5,636.2,3,0,0.182556803,0.517924155,0.338809957,0.510629255,0.9446333,0.978562087,1.189326467,0.225290668
1978,4.79485175,972,488,795,97.2,129.0,2,1,0.316387034,0.503376592,0.193707879,0.383950765,0.550186791,0.980133616,0.750075018,0.768017054
3984,2.277624307,3830,1916,2752,383.0,408.4,0,0,0.32730668,0.925676776,0.240930392,0.685774385,0.397662311,0.225508207,0.906813372,0.535772944
2334,3.911395881,1222,613,904,122.2,134.8,2,1,0.934700339,0.545908282,0.272280219,0.045188653,0.193316594,0.740253943,1.249929105,0.874858933
563,2.867821137,106,54,1029,10.6,85.0,1,0,0.013744447,0.856162923,0.717385066,0.285083105,0.683843668,0.02043625,1.03003789,0.194446064
4297,4.891550876,2176,1090,1454,217.6,346.8,2,1,0.625592447,0.570473557,0.482218616,0.894774418,0.848163547,0.378701037,1.284160936,0.883826272
10289,3.990315694,5543,2773,3265,554.3,772.8,2,1,0.773317121,0.297601244,0.475625223,0.128883838,0.159250683,0.748934259,1.104409218,0.725024867
2695,0.982276643,1904,952,1803,190.4,251.0,3,0,0.68725138,0.118085177,0.923289856,0.488330501,0.233196967,0.699557696,0.820492748,0.975826509
7320,3.635000542,6830,3417,4234,683.0,689.4,0,0,0.403036271,0.535661818,0.349246488,0.097252573,0.249146623,0.616501056,1.032055504,0.415113153
8318,1.885359379,5298,2650,2827,529.8,726.5,3,0,0.926242175,0.291537471,0.627949216,0.264189104,0.750232661,0.990832485,0.747296319,0.773215194
8778,0.102459143,8609,4304,4789,860.9,1132.3,2,0,0.807508868,0.329350505,0.535611368,0.710318194,0.162093789,0.417358667,1.288023307,0.87655795
501,2.092361797,491,246,547,49.1,84.6,0,0,0.031802953,0.245698256,0.943500454,0.704922536,0.518765342,0.990587754,0.881271968,0.166157619
4582,0.133653981,4406,2203,2987,440.6,681.4,3,0,0.523357006,0.331987976,0.723583665,0.263281572,0.351181527,0.366126751,0.836786985,0.95614682
10845,4.840203478,4936,2470,3134,493.6,507.6,2,0,0.482977558,0.527240778,0.183583982,0.711273882,0.246528297,0.915526467,0.849700178,0.116383518
7992,1.198318285,7536,3769,4136,753.6,818.8,0,0,0.791519164,0.549906895,0.245837022,0.554026849,0.021632348,0.96341735,0.715350556,0.183124409
5126,3.413643754,4699,2351,2716,469.9,614.6,0,0,0.593282065,0.543013281,0.706704234,0.279876202,0.718425324,0.896321894,1.202202188,0.689610447
15928,3.792094392,8950,4477,5473,895.0,1065.4,2,0,0.09082869,0.242546479,0.202813845,0.084277027,0.902087449,0.023802042,1.29871893,0.929059046
138,4.10487744,10,7,432,1.1,24.5,1,0,0.296531517,0.004940389,0.819720483,0.347352373,0.533437063,0.998928437,1.112740921,0.663117264
1324,0.245612823,1232,616,1083,123.2,182.9,2,0,0.870039281,0.88388208,0.444318957,0.691117145,0.620934647,0.14332153,0.980260298,0.553867282
12407,1.673076927,9174,4588,4823,917.4,1139.6,2,0,0.874376265,0.797038897,0.631764813,0.058261182,0.435895861,0.287215842,1.126130509,0.269150675
6526,0.79328463,6467,3234,3323,646.7,864.6,0,0,0.466606203,0.074450506,0.136346751,0.729425839,0.510047516,0.15336375,1.263340519,0.984377304
3589,2.704010654,1964,983,1905,196.4,239.3,2,1,0.892944907,0.385121558,0.642660558,0.343341823,0.328753903,0.343583277,1.000979137,0.416972423
1977,0.018018309,1974,987,1034,197.4,276.1,1,0,0.372571097,0.387489807,0.215506701,0.886426019,0.699886514,0.715739896,1.122897558,0.092886302
14749,4.232444125,6713,3358,4012,671.3,888.4,3,1,0.958201347,0.012549128,0.199063423,0.14103468,0.171568352,0.100597977,0.892506614,0.380810625
3657,1.506025349,2845,1423,1467,284.5,392.4,2,0,0.103050429,0.188381388,0.554675783,0.933730167,0.858142834,0.143074427,1.111700307,0.231510568
1378,3.675112244,948,476,1230,94.8,141.4,1,1,0.032316515,0.130687451,0.443683993,0.644828054,0.789320098,0.719001837,0.829391421,0.217913839
4044,2.72076294,2917,1460,2347,291.7,370.8,1,0,0.364823432,0.824194192,0.656107366,0.149125665,0.109298693,0.107895084,1.291199395,0.733734557
7975,2.438107197,5516,2759,3360,551.6,627.0,2,0,0.375897587,0.790765402,0.460017203,0.06606895,0.394860021,0.352763845,0.776181015,0.493091429
2070,1.230926126,1451,726,969,145.1,193.1,3,0,0.686217387,0.371715114,0.396636004,0.238955065,0.39962655,0.091287129,1.160567732,0.629994591
11494,1.752704789,7752,3877,3972,775.2,1167.1,3,0,0.366717328,0.328968611,0.659723544,0.140694925,0.48083016,0.228161219,1.067168906,0.009320303
540,0.727364665,283,142,1046,28.3,119.7,3,0,0.59128358,0.256937323,0.020262695,0.066651224,0.761017296,0.481660959,1.293907135,0.439047565
10680,1.83750296,7025,3513,4138,702.5,969.9,3,0,0.925613869,0.525714328,0.887220706,0.421790428,0.751466093,0.461864814,0.826171361,0.446873988
4213,0.505486037,3704,1852,2698,370.4,613.6,2,0,0.114278741,0.304169202,0.057411003,0.378740971,0.566248079,0.276144537,1.067642389,0.195477889
9423,3.088334419,8975,4489,4662,897.5,1066.3,0,0,0.353401951,0.551067379,0.651153307,0.185630942,0.738274291,0.831785816,0.900985909,0.875699249
4095,1.96602722,2476,1239,2005,247.6,403.0,3,0,0.753772627,0.036356397,0.444578118,0.155617635,0.070857961,0.155298743,1.007535009,0.132433851
1682,0.519029515,1674,837,1622,167.4,209.9,0,0,0.445337095,0.128929538,0.363997289,0.801862881,0.459175229,0.373786876,1.056847848,0.947075773
6327,2.213150894,4369,2186,2425,436.9,632.4,2,0,0.023280369,0.231245468,0.397381087,0.528992978,0.678396636,0.816573686,1.243199477,0.761068079
6286,1.184278589,5280,2640,2920,528.0,819.6,2,0,0.849152596,0.90548174,0.770392677,0.249408417,0.852939895,0.600653746,0.873102297,0.287362009
4000,2.410617542,3407,1705,2008,340.7,450.3,1,0,0.46894337,0.209735708,0.390148376,0.072281225,0.835675278,0.627261763,0.880966175,0.494984186
13314,3.884396161,8582,4293,4765,858.2,1106.9,1,1,0.694157394,0.531166046,0.65415531,0.34305971,0.360189985,0.70558669,0.965725812,0.326593665
10717,2.866976407,5987,2995,3288,598.7,628.5,3,0,0.522829252,0.88662522,0.879554794,0.942527323,0.20428685,0.303664182,1.270616951,0.382918323
3667,0.173947582,3571,1786,2299,357.1,391.3,1,0,0.838027221,0.185928957,0.757429272,0.643879893,0.771784139,0.027996748,0.760839871,0.897552685
577,4.081158478,302,153,242,30.2,42.8,2,0,0.504302389,0.120480019,0.45501518,0.738695576,0.918675101,0.315718796,1.195467387,0.344715855
308,0.693682418,277,139,228,27.7,34.4,1,0,0.20799988,0.570299232,0.61468946,0.565157056,0.050640643,0.093580227,0.920807763,0.012820155
10174,0.142833582,9781,4891,5860,978.1,1197.7,3,0,0.984839808,0.473581248,0.217077092,0.253519037,0.296842911,0.391517427,1.070373733,0.461981845
6061,4.304234615,5482,2743,3542,548.2,757.5,0,0,0.578779893,0.158777704,0.174913182,0.381323949,0.418449549,0.461060069,1.289430968,0.787775349
1568,1.491554866,1406,704,1641,140.6,293.4,0,0,0.023741572,0.548318737,0.847019754,0.482667939,0.350423558,0.034332395,1.084618164,0.836820986
8189,4.881606915,3204,1604,2152,320.4,477.9,3,1,0.020672631,0.135931033,0.518560766,0.891797804,0.11703828,0.340197499,0.956817742,0.332184859
6014,4.062596727,2514,1259,1629,251.4,391.1,3,0,0.114449341,0.432012917,0.871440281,0.566396358,0.093642227,0.89982049,0.91044742,0.680138167
2104,2.008129011,1449,725,909,144.9,229.7,2,0,0.608952654,0.133050994,0.971052744,0.397296714,0.621288085,0.240463179,1.096588523,0.14068895
7398,2.738456385,5408,2705,3580,540.8,772.6,1,0,0.803564697,0.376301928,0.880349906,0.870785239,0.665548402,0.009800126,1.115314036,0.922830112
11390,4.390791139,5490,2747,3500,549.0,875.6,2,1,0.327165416,0.820547324,0.412119833,0.256502846,0.969778834,0.046234722,0.778221095,0.789999341
3541,1.47458446,2976,1489,1653,297.6,312.8,1,0,0.701181803,0.323851852,0.252653152,0.096437386,0.209566475,0.731469147,1.013527882,0.878905293
14787,2.187593895,9536,4769,5276,953.6,1269.4,2,0,0.584426528,0.84604489,0.599446505,0.192619432,0.369973447,0.396176321,0.89141356,0.903831316
3327,3.207255171,2864,1434,1596,286.4,314.6,0,0,0.47855427,0.041567173,0.960423523,0.161709631,0.456763374,0.962686776,1.166581518,0.994021897
3166,3.982197495,2340,1172,2063,234.0,257.1,1,0,0.630847137,0.160812247,0.372885336,0.140407943,0.593320487,0.736162308,0.72665947,0.976680059
3612,0.198397663,3432,1716,2542,343.2,399.6,2,0,0.306331813,0.018569111,0.266553244,0.537462028,0.621252363,0.507695115,1.093937581,0.530432355
10454,0.385025087,9995,4998,5538,999.5,1068.1,1,0,0.952116922,0.322108433,0.316507554,0.18846045,0.493802344,0.720324172,1.194757645,0.591948409
9744,1.680403537,6896,3449,4297,689.6,1103.9,2,0,0.022869895,0.736538629,0.834720113,0.819276611,0.852773921,0.232614545,0.930159255,0.396535034
10991,4.690651737,7078,3541,4500,707.8,737.0,1,1,0.174836292,0.755859554,0.632737704,0.238640703,0.353397286,0.595281538,1.092546586,0.89707792
7026,1.647244992,5558,2780,3153,555.8,664.4,2,0,0.745985793,0.380706424,0.206742662,0.579076204,0.080360158,0.655031179,1.166508245,0.7646551
5354,3.891756832,5335,2669,2913,533.5,778.8,0,1,0.106373962,0.560744025,0.124495289,0.414354232,0.585148062,0.86389553,0.739461195,0.452001341
1862,4.721251534,1580,792,1131,158.0,268.2,0,0,0.750511567,0.292504677,0.525521358,0.773819095,0.193471185,0.096280478,1.043344172,0.319886352
16060,4.371651258,6910,3457,3712,691.0,758.9,3,0,0.989261022,0.743499367,0.87980409,0.796928693,0.857836381,0.629971662,1.130935216,0.120920734
13744,3.607782863,8940,4472,4940,894.0,944.4,1,0,0.404027968,0.133263475,0.221065818,0.013721704,0.204365356,0.234420794,1.173135027,0.702532102
10782,0.71171819,9557,4779,5563,955.7,1369.1,2,0,0.201666686,0.595825642,0.078118609,0.694152962,0.105281742,0.061729347,1.285056754,0.127308022
15842,2.848404967,9397,4700,5553,939.7,1232.0,2,0,0.906666003,0.557508485,0.531213599,0.555950898,0.375678728,0.384249762,1.192072443,0.866054664
15660,4.827689537,7667,3836,3965,766.7,1118.5,2,0,0.871560639,0.856254874,0.737850924,0.630311402,0.648043867,0.333192981,0.831290307,0.023635255
9845,3.999221173,7719,3861,4318,771.9,1165.2,1,1,0.08030572,0.412768792,0.565174658,0.375205204,0.97997279,0.891921395,0.813495827,0.888667781
6819,0.486403448,5947,2974,3018,594.7,614.5,3,0,0.514981568,0.007014983,0.303376282,0.591071954,0.869652619,0.13401148,0.793580849,0.88205119
6419,2.698421973,5028,2515,2957,502.8,696.1,1,1,0.013928935,0.783458712,0.506774158,0.059395756,0.414128206,0.174251417,0.792896988,0.874901372
6744,3.083035008,3275,1639,2190,327.5,418.2,3,1,0.142034245,0.372897499,0.476660466,0.237176881,0.071561359,0.431862142,0.953133941,0.148733407
6252,1.765539255,5111,2556,2830,511.1,525.6,1,0,0.429549366,0.575391936,0.170748115,0.98720076,0.582568547,0.611152628,1.145912651,0.837624115
14613,4.72414728,8531,4268,4292,853.1,962.4,2,1,0.44146379,0.816614873,0.277092928,0.629494464,0.623767861,0.12830737,0.789773072,0.267901334
3280,0.756098575,2774,1387,2331,277.4,302.1,2,0,0.389372441,0.48465197,0.997263875,0.619444873,0.440902792,0.308697826,0.995759998,0.140846667
11248,2.935950872,7015,3509,3942,701.5,898.1,2,0,0.2912679,0.029826575,0.060768274,0.581656728,0.799927751,0.461859014,0.882274033,0.85017122
21385,4.842768675,9783,4894,5161,978.3,1401.2,2,0,0.941717844,0.098036664,0.169028975,0.692686543,0.79842155,0.174938397,1.234636961,0.925783787
11328,2.719012303,6710,3357,3382,671.0,997.1,3,1,0.399597864,0.241236068,0.326416111,0.116558325,0.537097936,0.52324475,1.299902245,0.067630195
10566,4.858974578,5533,2769,3738,553.3,678.1,2,1,0.049104913,0.775325312,0.630090935,0.235965018,0.737746302,0.97046881,0.823672143,0.473650134
4751,2.832242563,2576,1290,1782,257.6,408.4,3,0,0.330765577,0.657318835,0.701313005,0.288382045,0.252476485,0.205477449,1.004133786,0.065887497
14183,3.306920859,9072,4538,5274,907.2,1112.8,2,0,0.044367887,0.586979538,0.586082851,0.965173954,0.858500633,0.923093237,1.107159654,0.581476406
3328,2.350107577,2924,1463,1836,292.4,400.4,1,0,0.733878232,0.835549813,0.189536872,0.622473167,0.854360081,0.853856001,0.929683439,0.994367325
5559,0.06939804,5509,2755,3234,550.9,749.7,1,0,0.188987843,0.394623545,0.093476146,0.091070369,0.152713434,0.617036359,1.01655095,0.569152617
6249,3.749698762,5019,2512,2794,501.9,595.1,1,0,0.826072176,0.570183799,0.70440106,0.401222849,0.92558876,0.429866324,1.025576647,0.464044821
2147,0.064480912,2107,1053,1197,210.7,322.9,3,0,0.251321012,0.982616272,0.571499245,0.6901921,0.476857511,0.368294183,1.28676675,0.707153277
1262,3.469798148,988,496,569,98.8,129.1,1,0,0.345813679,0.163765896,0.964287591,0.861915373,0.898649933,0.340862114,0.865892701,0.954502254
2090,0.66053071,1956,978,1482,195.6,309.5,1,0,0.634403244,0.950172749,0.336373969,0.9642714,0.430996265,0.662702238,1.241288454,0.062719703
11548,4.112938601,9971,4987,5495,997.1,1185.0,0,0,0.336567341,0.590878683,0.266332641,0.461345202,0.084032593,0.633188599,1.087790271,0.338070512
9958,2.083681149,7733,3868,4332,773.3,887.0,1,0,0.847363133,0.274079416,0.357194655,0.781347908,0.38121421,0.509944141,0.844640279,0.332157926
10885,1.255983695,8134,4068,4130,813.4,1086.7,3,0,0.70234508,0.294416899,0.338240513,0.094290204,0.212555321,0.689527802,0.851959635,0.381108499
3250,2.000980235,3086,1544,1721,308.6,444.4,0,0,0.919954263,0.375276909,0.257953405,0.766691119,0.410608841,0.526628277,0.925489538,0.18587603
3279,0.156111902,3170,1585,1744,317.0,334.3,2,0,0.530322394,0.950933871,0.909069502,0.925382135,0.009371332,0.402425103,1.193502002,0.769566464
8155,0.937149994,6544,3273,3367,654.4,663.5,3,0,0.892825498,0.7176981,0.706507805,0.236704802,0.094627163,0.611749486,0.710026413,0.562423843
710,2.216987298,394,198,404,39.4,57.0,2,0,0.397752322,0.458609742,0.265241359,0.087240882,0.99471653,0.760598626,1.154563,0.807389675
10103,4.635931979,9313,4659,5354,931.3,1172.5,0,1,0.724385107,0.98917764,0.76186129,0.683732078,0.946304392,0.328236739,1.088626209,0.36781041
8257,1.312620017,6372,3187,3659,637.2,706.3,2,0,0.431444142,0.661630673,0.667601035,0.19565929,0.301811055,0.175974959,0.868636488,0.230700061
16594,4.529291167,7139,3572,4033,713.9,934.4,3,1,0.450451327,0.590103382,0.771903068,0.334000319,0.51655921,0.14109668,0.959578895,0.618089389
10636,1.865253221,7864,3933,3936,786.4,939.6,2,0,0.30701366,0.209472129,0.195798801,0.266275654,0.29564363,0.757864422,1.208211576,0.449180102
3553,3.238739996,2564,1284,1767,256.4,276.6,1,0,0.392571631,0.057417714,0.63208419,0.529011167,0.009375775,0.995638481,0.835917711,0.08763126
3607,2.830422682,3579,1791,2523,357.9,456.9,0,1,0.004263693,0.670471446,0.085462081,0.453371255,0.415559174,0.57383881,1.157127972,0.400569035
10179,0.381063399,9587,4794,5508,958.7,1377.5,2,0,0.544189486,0.829078698,0.706251163,0.742836477,0.746460166,0.280661925,1.227796133,0.754890929
14757,3.989642168,7385,3694,4066,738.5,1080.9,2,0,0.299760516,0.095772329,0.376877622,0.57183955,0.432461626,0.813206778,1.157866547,0.722106258
8002,3.051208365,6414,3209,3619,641.4,925.4,1,1,0.782929203,0.515805939,0.963489342,0.408550147,0.705209715,0.08282566,1.174809864,0.985471194
9458,0.385498362,9348,4674,5281,934.8,1084.0,0,0,0.752395225,0.734562616,0.504453151,0.871154894,0.97768598,0.534676544,0.736452689,0.843879525
2032,4.477186438,968,486,768,96.8,135.9,2,0,0.211747585,0.737177427,0.261749811,0.481222145,0.526346663,0.951709288,1.102532195,0.763093031
8137,4.353249618,5814,2909,3201,581.4,749.0,1,0,0.867248557,0.41178774,0.542957326,0.793666776,0.78831037,0.896537465,1.020412616,0.810980172
233,1.543059684,155,78,207,15.5,25.8,2,0,0.800690503,0.443943009,0.281433752,0.66751594,0.72395982,0.008134083,1.112603495,0.189610665
4245,0.194856804,4068,2034,2911,406.8,410.1,2,0,0.628340761,0.542592341,0.898866527,0.279222241,0.116199485,0.338726846,1.279365989,0.95587269
2154,4.871228207,388,197,1134,38.8,98.1,3,0,0.845827834,0.411402813,0.712401696,0.507138329,0.141029711,0.047020241,0.913910857,0.552125824
9773,4.486205551,6801,3403,3594,680.1,911.3,1,0,0.840478757,0.914007007,0.57414104,0.159919927,0.201966915,0.695939272,1.009523253,0.76172114
3742,4.704233562,1983,994,1148,198.3,288.4,2,1,0.365643653,0.651082579,0.662130533,0.650193253,0.063703163,0.90023268,0.719429583,0.014193283
3733,0.505489004,3302,1651,1663,330.2,341.3,3,0,0.401918032,0.270914264,0.93544384,0.10888769,0.387847773,0.97019233,0.924255875,0.336336034
3705,4.697109385,2579,1292,1683,257.9,302.5,1,1,0.939520313,0.940892313,0.312558153,0.131716814,0.695305831,0.998338475,1.051982211,0.376265024
7821,3.407077534,5120,2562,3059,512.0,525.1,1,0,0.979170685,0.994004838,0.149127429,0.622657303,0.599096714,0.977568423,0.983320633,0.030454984
3747,1.514098276,2589,1295,1819,258.9,426.9,2,0,0.479984955,0.477374788,0.343963672,0.720862849,0.760516904,0.408188214,1.051226868,0.256328048
6649,2.520896262,4187,2095,2500,418.7,511.9,2,0,0.294522298,0.008032075,0.700417141,0.604591504,0.827994835,0.448728708,0.814934867,0.233993122
4446,1.069084057,3377,1689,2412,337.7,470.3,2,0,0.566891261,0.653991757,0.936957927,0.413453684,0.605271719,0.62464026,1.225986037,0.273563513
13280,1.460907731,9220,4611,4782,922.0,1336.5,3,0,0.466665414,0.573761667,0.574989314,0.405359153,0.848971258,0.022674337,0.892630455,0.026212743
6862,0.14540985,6754,3377,3854,675.4,1002.8,1,0,0.13635478,0.131881401,0.245726042,0.998745772,0.185110105,0.097180988,1.202659879,0.650443092
5836,2.463937868,3348,1675,1725,334.8,349.1,3,0,0.468078343,0.354118722,0.321214665,0.872969437,0.130567053,0.473079314,0.737390123,0.197252883
2820,4.334215813,1569,787,1573,156.9,230.3,1,1,0.259461799,0.176004974,0.521442853,0.999381848,0.434189032,0.338099111,1.057895516,0.692943523
6954,4.843354383,2809,1407,2213,280.9,415.6,2,1,0.713178316,0.942516223,0.888650409,0.804322668,0.841287413,0.511799055,0.924800709,0.261915872
10474,4.582744179,9317,4661,4979,931.7,1254.5,0,0,0.310100322,0.386345903,0.372905325,0.416638199,0.602077441,0.475652401,0.729383644,0.615557379
3552,2.687999887,3227,1615,1756,322.7,334.9,0,0,0.857886396,0.467434861,0.366959421,0.36526374,0.996048448,0.958536253,1.096856432,0.990035282
4859,4.561474465,2020,1012,1285,202.0,255.2,3,0,0.837964349,0.87961919,0.693548296,0.013772342,0.621489965,0.392782057,0.725704226,0.470154897
2086,2.357847129,1176,589,1238,117.6,140.9,2,0,0.915941577,0.424229394,0.372761001,0.830581202,0.141801509,0.717894964,1.015349107,0.658853121
904,1.161779221,666,334,545,66.6,117.6,2,0,0.412416968,0.894789647,0.815828316,0.419118451,0.182660778,0.845996401,1.05673954,0.78914705
9774,2.871930806,8295,4149,4198,829.5,946.1,1,0,0.345920763,0.352786771,0.174370018,0.073950693,0.650284486,0.662500709,0.964196949,0.461766044
9189,0.718313731,9059,4530,4883,905.9,956.1,0,0,0.451008764,0.898059963,0.43875695,0.452931206,0.878185988,0.124923039,1.014310309,0.420915781
2494,2.27316904,1599,801,1661,159.9,242.6,2,0,0.248961709,0.631899532,0.263059911,0.286990932,0.129051665,0.101595854,1.119185409,0.005391741
3128,3.530907457,1183,593,1281,118.3,125.9,3,0,0.678880395,0.809037679,0.585307324,0.567491266,0.048960836,0.421937275,0.991894519,0.97116409
5556,0.437179013,4928,2464,2637,492.8,716.1,3,0,0.514193088,0.761404572,0.047115985,0.720086891,0.120648158,0.490797824,0.821730844,0.634835284
4972,4.6784125,2965,1485,1819,296.5,348.3,1,0,0.272805744,0.086495658,0.905751249,0.881893664,0.745915386,0.37321368,0.754591035,0.346161877
3658,1.536537079,2844,1423,1569,284.4,379.9,2,0,0.27546732,0.302661065,0.449915618,0.197511932,0.679207001,0.180519266,1.146420493,0.355277217
14069,3.93590299,8775,4389,4522,877.5,1008.6,2,0,0.58949,0.232060118,0.332646756,0.296302935,0.600748754,0.729998124,1.222278307,0.457360134
8355,0.653436953,7853,3927,4565,785.3,895.3,1,0,0.50704824,0.38554189,0.498187194,0.055026306,0.959844476,0.824360747,0.947138187,0.135295683
9455,1.987136095,7566,3784,3850,756.6,972.9,1,0,0.788605615,0.594756063,0.786602327,0.174308995,0.469004199,0.075394,1.066394129,0.787459752
7089,4.023797912,6798,3401,3783,679.8,1010.0,0,1,0.382018237,0.720894598,0.234499368,0.2839405,0.325957228,0.584048169,0.772915253,0.905299518
2749,4.93746551,981,493,1028,98.1,166.5,2,1,0.427989571,0.220331991,0.662439041,0.011446185,0.136334018,0.240628752,0.927871006,0.582930429
7859,1.827298268,5577,2789,3761,557.7,725.2,2,0,0.717265386,0.510509909,0.434906721,0.521194653,0.339790883,0.543203966,1.120581667,0.669501951
7421,3.59344346,4235,2119,2848,423.5,688.4,2,0,0.435689124,0.647892695,0.080049509,0.596853934,0.176588742,0.562491671,0.753464304,0.696382437
10032,2.055864102,9932,4967,5434,993.2,1475.0,0,0,0.106089661,0.196277208,0.136294197,0.994697118,0.873246126,0.514945176,1.154239922,0.16050639
8838,3.100195203,6658,3330,3338,665.8,965.4,1,0,0.506780868,0.350375922,0.0243425,0.860947182,0.289016894,0.113661708,1.027295487,0.469023707
1613,3.35249964,996,500,884,99.6,101.7,1,0,0.450244516,0.405273585,0.926411612,0.369985268,0.197771301,0.005690463,0.738958617,0.08511048
4434,0.304509538,4141,2071,2845,414.1,619.1,2,0,0.219351561,0.989745035,0.509539059,0.297266484,0.821460333,0.196577849,1.264507882,0.275682726
7834,3.44898956,3882,1943,2860,388.2,652.9,2,0,0.511840498,0.435829396,0.696426906,0.266501491,0.309693,0.022721966,0.800170452,0.02761793
7794,0.282835456,7559,3780,4447,755.9,1094.7,1,0,0.880761745,0.422896225,0.99156874,0.623104979,0.764793947,0.337868911,1.14208513,0.72881849
6427,3.300974489,3212,1607,1951,321.2,491.6,3,0,0.766135542,0.432513643,0.314357798,0.969121308,0.479906148,0.314771614,0.845937049,0.309839431
6168,2.566340474,3848,1925,1956,384.8,564.6,2,0,0.706343518,0.033413037,0.886474058,0.522906374,0.951007662,0.066627588,0.755084512,0.481888135
9494,2.000625986,8524,4263,4727,852.4,1074.7,1,0,0.070211393,0.196719909,0.6197573,0.382231141,0.860332774,0.780078528,0.793388154,0.350365452
3300,1.081555213,2469,1235,2151,246.9,333.8,2,0,0.468185175,0.510083536,0.9555824,0.09460367,0.476131907,0.162352127,0.956736308,0.944573872
9862,2.324111957,6863,3432,3574,686.3,849.3,2,0,0.973292911,0.690948913,0.5002272,0.410319258,0.918693752,0.634965434,0.935533856,0.879434166
5040,3.443121967,2191,1097,2054,219.1,407.4,3,0,0.486593603,0.438593621,0.204188591,0.099337969,0.652146111,0.037411696,1.27787858,0.491159323
9336,3.735568579,6755,3379,3862,675.5,918.2,1,0,0.292945804,0.739571834,0.014779778,0.204437106,0.671839755,0.000994211,1.145676544,0.583385527
11136,2.582540236,6759,3381,3992,675.9,1074.8,2,0,0.452395426,0.042740661,0.392862707,0.252447912,0.041684752,0.829629766,1.079918436,0.41051579
8558,1.895871679,8390,4196,4535,839.0,1050.5,0,0,0.898218308,0.197395794,0.950572268,0.206870212,0.863077713,0.964038411,1.220925661,0.048820471
3268,2.890856786,1501,752,1426,150.1,219.4,3,0,0.589503588,0.10288403,0.750852099,0.950227235,0.879281194,0.154215816,1.294242396,0.026054138
6161,1.910940907,3966,1984,2745,396.6,516.1,2,0,0.666788508,0.253220336,0.899437995,0.467693992,0.395564408,0.843851733,0.983504588,0.135574012
9023,4.985707264,7405,3705,4449,740.5,857.7,0,0,0.170740189,0.300277118,0.948482779,0.056109113,0.595746678,0.357444135,0.759120737,0.711698631
13054,2.28346196,9061,4532,4534,906.1,1330.3,2,0,0.261153946,0.706665211,0.371809966,0.888746985,0.481391757,0.075466797,1.170686126,0.753562168
2737,1.068899929,2283,1142,1538,228.3,289.8,2,0,0.517972506,0.392941911,0.122678706,0.844367706,0.183998769,0.609495481,1.135251116,0.751211539
6622,0.814257584,5714,2857,3349,571.4,787.8,2,0,0.470932602,0.82060264,0.507861101,0.890089765,0.933931201,0.981855698,0.711760871,0.957730615
1290,2.463506341,625,314,638,62.5,106.3,3,0,0.644746474,0.37904602,0.232367595,0.310193236,0.734189689,0.658968965,1.046018586,0.728115491
1573,1.743618466,703,353,1329,70.3,105.7,3,0,0.276055938,0.836707414,0.852910315,0.16232203,0.564572771,0.487613782,0.758243867,0.94155976
7452,2.047785678,4682,2342,2402,468.2,602.7,3,0,0.235884683,0.941777157,0.386950979,0.003992568,0.239913178,0.809574979,0.780675054,0.167960082
17384,3.455416828,9271,4637,5147,927.1,1236.9,2,1,0.900876841,0.307457332,0.899553035,0.616631805,0.960258773,0.156726032,1.296251206,0.484520236
7676,2.63937495,4539,2271,3065,453.9,694.8,2,1,0.714554038,0.276361261,0.885530209,0.861931303,0.484579192,0.85968133,0.791400237,0.735691371
11889,3.191711857,7085,3544,3664,708.5,789.4,2,0,0.42176491,0.261293652,0.092540246,0.459723552,0.135787635,0.635173637,0.804803853,0.054027634
14287,1.664785396,9654,4828,5519,965.4,1211.8,3,0,0.774608178,0.526981493,0.121660497,0.589133912,0.355435217,0.06633841,0.721195404,0.105818241
1143,3.163898164,737,370,510,73.7,104.4,1,0,0.253124408,0.591727153,0.009513159,0.479242892,0.791462259,0.435821069,1.103187405,0.227321003
5182,0.138163303,4990,2495,3390,499.0,610.8,2,0,0.855088051,0.972411562,0.599099542,0.950997399,0.02058818,0.982788676,1.040341454,0.69707028
11054,1.900658372,7970,3986,4502,797.0,1244.1,2,0,0.910596918,0.854644896,0.118177783,0.290354954,0.758890798,0.510801378,1.16105437,0.71335987
7253,1.192997106,5652,2827,3655,565.2,676.5,2,0,0.77075406,0.219135395,0.670556381,0.434071346,0.940168565,0.092731196,0.920050257,0.817388151
2843,1.156642456,2409,1205,1339,240.9,299.0,1,0,0.540754025,0.874572133,0.17850748,0.335269642,0.069161462,0.927461472,1.082889314,0.679411643
2278,0.002199265,2278,1139,1874,227.8,398.1,1,0,0.830357335,0.285342334,0.420102625,0.479244309,0.413293456,0.073008972,1.177550314,0.075162872
3738,1.531795869,3405,1703,2280,340.5,386.2,1,0,0.003397107,0.471130983,0.859267231,0.639888965,0.382446001,0.257981645,0.911065021,0.415521672
1041,0.278489157,1014,507,686,101.4,153.3,1,0,0.040526509,0.513342889,0.514569566,0.369719551,0.382986885,0.606495133,0.807784652,0.101303963
5312,0.4249033,4894,2447,2594,489.4,541.9,2,0,0.580442599,0.956806289,0.610443948,0.216924068,0.472136149,0.226728454,1.076354179,0.247256763
4753,4.726945062,2887,1446,2292,288.7,405.0,1,1,0.695237786,0.660257594,0.542641425,0.311841545,0.313410692,0.078589569,1.234941639,0.725688379
12205,1.579698889,8300,4151,5036,830.0,929.9,3,0,0.320560206,0.084402271,0.936786715,0.077471515,0.805250193,0.754129081,0.776073159,0.4699769
5594,0.488522173,5484,2742,2804,548.4,698.0,0,0,0.533282622,0.979446186,0.212310672,0.397043052,0.210391133,0.038079361,1.166652202,0.633916284
2753,2.909882327,1426,714,815,142.6,191.2,3,0,0.143233762,0.261195623,0.759115818,0.01678078,0.265310888,0.244082149,0.753173567,0.155002289
13083,3.0029015,9056,4529,5387,905.6,1079.0,1,0,0.259336041,0.342940578,0.287758026,0.882164065,0.689869777,0.217364538,0.713388153,0.319475184
453,4.952615801,174,90,185,17.4,33.2,2,1,0.08773015,0.926216022,0.769215569,0.110068074,0.623868641,0.063361953,0.833331585,0.582169756
5696,4.198356182,5218,2611,2621,521.8,523.7,0,1,0.308992965,0.956022467,0.185627545,0.757958371,0.744901933,0.922854053,0.914668975,0.411536698
6188,3.306472873,4930,2466,3355,493.0,763.1,1,0,0.449483276,0.149840849,0.214043609,0.268459425,0.196584456,0.825621114,0.945122818,0.395324563
5409,0.747460857,5109,2555,3497,510.9,816.8,1,0,0.502505387,0.467259222,0.597218327,0.36647564,0.885716098,0.956439837,1.030411002,0.714113424
9380,0.635375701,9055,4528,4911,905.5,1230.2,1,0,0.108378319,0.390162705,0.893862126,0.344103073,0.336030092,0.130273322,0.732559023,0.445260681
10103,1.13947964,8224,4112,4942,822.4,1217.7,2,0,0.735182575,0.635831499,0.883412291,0.818825275,0.174106996,0.843740194,1.043525635,0.85764597
6617,0.990335673,6068,3034,3333,606.8,640.9,1,0,0.909860792,0.385159533,0.679333752,0.270468806,0.538791732,0.070451689,1.074946235,0.543591831
15926,4.577295306,9773,4889,5646,977.3,1340.4,1,1,0.016745946,0.241309371,0.226030607,0.328508508,0.974260608,0.305613318,0.828897279,0.146015653
1997,4.178841563,1253,629,1606,125.3,205.8,1,1,0.986925504,0.857647502,0.070263107,0.669245376,0.134598046,0.375353621,0.709868755,0.802783184
4471,2.537992579,2500,1251,1502,250.0,254.4,3,0,0.469236155,0.656256139,0.470619166,0.191914151,0.75748641,0.319154384,1.108448223,0.019929974
9077,3.655488458,5260,2632,3102,526.0,688.8,2,0,0.259965607,0.965996679,0.769114577,0.534366507,0.292510651,0.538764038,0.826877963,0.365635535
4611,0.14923277,4480,2240,2336,448.0,458.0,2,0,0.708421034,0.740481514,0.657458431,0.452516079,0.405710576,0.368484924,1.005003977,0.860020547
9763,3.219395847,8159,4081,4367,815.9,944.8,1,0,0.797582358,0.830202466,0.297658833,0.908923361,0.61367175,0.624008835,1.111985384,0.604855099
3709,1.893461247,2594,1298,1727,259.4,389.6,2,0,0.418282771,0.601966698,0.103284832,0.164076918,0.219381669,0.6500894,1.094845241,0.767069645
2566,4.828295063,1664,834,1006,166.4,249.1,1,1,0.501832005,0.501588577,0.396321599,0.803686391,0.900695961,0.217345911,0.899686259,0.903038133
6013,1.824479959,5809,2905,3440,580.9,807.1,0,0,0.492688913,0.624099908,0.170007837,0.975413689,0.495013319,0.92343023,0.748528336,0.956101645
8376,1.534948375,5964,2983,3928,596.4,977.3,2,0,0.85115739,0.819780571,0.270267379,0.214493495,0.965467049,0.430376689,0.751079672,0.146149575
4915,4.256386972,3179,1591,1742,317.9,354.0,1,0,0.626305616,0.756225332,0.854742889,0.139142904,0.67424071,0.801722476,1.161152543,0.772390111
8933,0.233868277,8504,4252,4933,850.4,1056.5,2,0,0.863283947,0.754464376,0.275237328,0.670006402,0.050933642,0.928809796,1.256985162,0.09353324
8589,1.126441058,6984,3492,3690,698.4,875.2,2,0,0.762550572,0.199466214,0.942957222,0.660069553,0.633226823,0.040511536,1.04435423,0.017078394
7914,1.830618045,5133,2568,3093,513.3,801.6,3,0,0.685283835,0.956626918,0.052573186,0.121470764,0.211912882,0.918951432,1.218625734,0.085512417
6255,3.815051668,2623,1313,1881,262.3,432.3,3,1,0.839907251,0.805578739,0.984134396,0.776231265,0.704498726,0.428046475,1.123470699,0.660137188
9877,2.17393885,7036,3519,4475,703.6,1072.2,2,0,0.747462396,0.343509724,0.891568362,0.511527386,0.412119163,0.592470378,1.059721786,0.709099697
7255,4.947483874,2991,1498,1589,299.1,362.4,3,1,0.502796,0.534290648,0.404259804,0.660833866,0.624241559,0.599211618,0.892984897,0.426581355
14352,4.581727074,5638,2822,3799,563.8,620.9,3,0,0.215335013,0.333477922,0.878106277,0.559790726,0.969031307,0.635237608,0.848655458,0.352802246
4763,0.525051058,4122,2061,3005,412.2,619.7,2,0,0.484895544,0.777573646,0.588340776,0.795716362,0.281775495,0.994690952,1.219114102,0.83879885
11115,1.973373596,8888,4445,5205,888.8,1292.6,1,0,0.906407919,0.914875318,0.005643571,0.486338645,0.747303752,0.780627066,1.168979287,0.160825195
2225,3.306958762,1170,586,1306,117.0,183.2,2,0,0.78159484,0.375447487,0.04035286,0.234873181,0.642959023,0.479003937,1.077339321,0.250172354
10810,3.234516349,5687,2845,3362,568.7,587.4,3,1,0.10161539,0.274890618,0.794787127,0.170102623,0.011736023,0.611567523,0.921382608,0.522109832
